price,time
"$4,256.36",Tue Nov 16 15:34:03 2021
"$4,256.36",Tue Nov 16 15:35:37 2021
"$4,235.44",Tue Nov 16 15:38:24 2021
"$4,221.75",Tue Nov 16 15:41:29 2021
"$4,250.36",Tue Nov 16 16:31:53 2021
"$4,285.97",Tue Nov 16 17:28:45 2021
"$4,277.24",Tue Nov 16 17:38:45 2021
"$4,293.98",Tue Nov 16 17:48:46 2021
"$4,287.02",Tue Nov 16 17:58:47 2021
"$4,276.34",Tue Nov 16 18:10:43 2021
"$4,267.30",Tue Nov 16 18:20:44 2021
"$4,248.93",Tue Nov 16 18:30:45 2021
"$4,244.83",Tue Nov 16 18:40:49 2021
"$4,232.50",Tue Nov 16 18:50:49 2021
"$4,340.91",Tue Nov 16 20:22:57 2021
"$4,329.06",Tue Nov 16 20:32:58 2021
"$4,318.03",Tue Nov 16 20:42:59 2021
"$4,311.62",Tue Nov 16 20:53:00 2021
"$4,306.21",Tue Nov 16 21:03:00 2021
"$4,291.94",Tue Nov 16 21:24:09 2021
"$4,291.76",Tue Nov 16 21:34:10 2021
"$4,298.55",Tue Nov 16 21:44:13 2021
"$4,317.07",Tue Nov 16 21:54:14 2021
"$4,304.85",Tue Nov 16 22:04:15 2021
"$4,305.42",Tue Nov 16 22:14:15 2021
"$4,321.26",Tue Nov 16 22:24:16 2021
"$4,325.27",Tue Nov 16 22:34:17 2021
"$4,325.35",Tue Nov 16 22:44:18 2021
"$4,118.16",Wed Nov 17 08:47:26 2021
"$4,108.29",Wed Nov 17 08:57:26 2021
"$4,165.48",Wed Nov 17 09:07:28 2021
"$4,163.81",Wed Nov 17 09:17:29 2021
"$4,167.27",Wed Nov 17 09:27:30 2021
"$4,149.76",Wed Nov 17 09:37:31 2021
"$4,150.05",Wed Nov 17 09:48:14 2021
"$4,150.76",Wed Nov 17 09:58:14 2021
"$4,226.05",Wed Nov 17 11:33:59 2021
"$4,176.23",Wed Nov 17 11:44:00 2021
"$4,155.90",Wed Nov 17 11:54:01 2021
"$4,201.79",Wed Nov 17 13:51:48 2021
"$4,211.43",Wed Nov 17 14:01:49 2021
"$4,188.43",Wed Nov 17 14:11:49 2021
"$4,208.23",Wed Nov 17 14:21:51 2021
"$4,197.86",Wed Nov 17 14:31:51 2021
"$4,181.04",Wed Nov 17 14:41:52 2021
"$4,171.48",Wed Nov 17 14:51:53 2021
"$4,167.20",Wed Nov 17 15:01:54 2021
"$4,149.45",Wed Nov 17 15:11:54 2021
"$4,135.82",Wed Nov 17 15:37:56 2021
"$4,150.24",Wed Nov 17 15:47:57 2021
"$4,238.74",Wed Nov 17 17:28:24 2021
"$4,244.09",Wed Nov 17 17:38:25 2021
"$4,248.46",Wed Nov 17 17:48:27 2021
"$4,240.60",Wed Nov 17 18:00:58 2021
"$4,246.34",Wed Nov 17 18:10:59 2021
"$4,250.32",Wed Nov 17 18:21:00 2021
"$4,255.78",Wed Nov 17 18:31:00 2021
"$4,229.74",Wed Nov 17 18:59:52 2021
"$4,231.63",Wed Nov 17 19:10:12 2021
"$4,242.48",Wed Nov 17 19:20:13 2021
"$4,229.56",Wed Nov 17 19:30:14 2021
"$4,233.83",Wed Nov 17 19:40:15 2021
"$4,215.71",Wed Nov 17 19:58:08 2021
"$4,229.74",Wed Nov 17 20:08:10 2021
"$4,199.64",Wed Nov 17 20:18:11 2021
"$4,189.12",Wed Nov 17 20:28:12 2021
"$4,173.39",Wed Nov 17 20:38:12 2021
"$4,172.13",Wed Nov 17 20:51:57 2021
"$4,181.72",Wed Nov 17 21:21:39 2021
"$4,175.87",Wed Nov 17 21:31:40 2021
"$4,167.55",Wed Nov 17 21:41:41 2021
"$4,162.30",Wed Nov 17 21:51:42 2021
"$4,223.70",Wed Nov 17 22:16:18 2021
"$4,216.92",Wed Nov 17 22:26:19 2021
"$4,232.54",Wed Nov 17 22:36:20 2021
"$4,227.49",Wed Nov 17 22:46:21 2021
"$4,213.12",Wed Nov 17 22:57:38 2021
"$4,201.39",Wed Nov 17 23:07:39 2021
"$4,224.06",Wed Nov 17 23:17:40 2021
"$4,233.44",Wed Nov 17 23:27:41 2021
"$4,229.56",Wed Nov 17 23:37:42 2021
"$4,236.22",Wed Nov 17 23:47:43 2021
"$4,246.64",Wed Nov 17 23:57:44 2021
"$4,249.26",Thu Nov 18 00:07:45 2021
"$4,238.07",Thu Nov 18 00:17:46 2021
"$4,316.49",Thu Nov 18 08:54:23 2021
"$4,310.15",Thu Nov 18 09:05:19 2021
"$4,307.30",Thu Nov 18 09:15:20 2021
"$4,287.49",Thu Nov 18 09:25:21 2021
"$4,289.60",Thu Nov 18 09:44:15 2021
"$4,288.38",Thu Nov 18 09:54:17 2021
"$4,287.40",Thu Nov 18 10:04:18 2021
"$4,275.22",Thu Nov 18 10:14:18 2021
"$4,263.96",Thu Nov 18 10:24:19 2021
"$4,266.99",Thu Nov 18 10:34:20 2021
"$4,250.81",Thu Nov 18 10:44:21 2021
"$4,258.56",Thu Nov 18 10:54:21 2021
"$4,254.05",Thu Nov 18 11:04:22 2021
"$4,258.05",Thu Nov 18 11:14:23 2021
"$4,268.90",Thu Nov 18 11:24:24 2021
"$4,264.70",Thu Nov 18 11:34:25 2021
"$4,254.15",Thu Nov 18 11:44:26 2021
"$4,267.80",Thu Nov 18 11:54:27 2021
"$4,266.37",Thu Nov 18 12:04:27 2021
"$4,253.39",Thu Nov 18 12:14:29 2021
"$4,256.70",Thu Nov 18 12:24:29 2021
"$4,239.30",Thu Nov 18 12:34:30 2021
"$4,234.70",Thu Nov 18 13:03:48 2021
"$4,236.64",Thu Nov 18 13:13:49 2021
"$4,252.34",Thu Nov 18 13:23:50 2021
"$4,248.95",Thu Nov 18 13:33:51 2021
"$4,241.95",Thu Nov 18 13:43:52 2021
"$4,246.98",Thu Nov 18 13:53:53 2021
"$4,259.99",Thu Nov 18 14:03:54 2021
"$4,244.94",Thu Nov 18 14:13:55 2021
"$4,238.75",Thu Nov 18 14:24:00 2021
"$4,236.31",Thu Nov 18 14:34:01 2021
"$4,216.10",Thu Nov 18 14:44:02 2021
"$4,209.89",Thu Nov 18 14:54:03 2021
"$4,202.96",Thu Nov 18 15:04:04 2021
"$4,185.78",Thu Nov 18 15:14:05 2021
"$4,198.36",Thu Nov 18 15:24:05 2021
"$4,206.37",Thu Nov 18 15:34:06 2021
"$4,203.62",Thu Nov 18 15:44:07 2021
"$4,194.66",Thu Nov 18 15:54:08 2021
"$4,207.73",Thu Nov 18 16:04:11 2021
"$4,225.71",Thu Nov 18 16:14:15 2021
"$4,227.51",Thu Nov 18 16:24:18 2021
"$4,243.90",Thu Nov 18 16:34:19 2021
"$4,229.28",Thu Nov 18 16:44:20 2021
"$4,226.92",Thu Nov 18 16:54:21 2021
"$4,234.73",Thu Nov 18 17:04:22 2021
"$4,225.10",Thu Nov 18 17:14:24 2021
"$4,212.88",Thu Nov 18 17:24:25 2021
"$4,205.56",Thu Nov 18 17:34:26 2021
"$4,178.49",Thu Nov 18 17:44:30 2021
"$4,209.02",Thu Nov 18 17:54:31 2021
"$4,149.25",Thu Nov 18 20:20:27 2021
"$4,138.69",Thu Nov 18 20:30:28 2021
"$4,157.62",Thu Nov 18 20:40:28 2021
"$4,118.15",Thu Nov 18 20:50:29 2021
"$4,102.12",Thu Nov 18 21:00:30 2021
"$4,128.62",Thu Nov 18 21:10:31 2021
"$4,115.49",Thu Nov 18 21:20:32 2021
"$4,081.74",Thu Nov 18 21:30:32 2021
"$4,056.46",Thu Nov 18 21:40:47 2021
"$4,074.11",Thu Nov 18 21:50:48 2021
"$4,041.93",Thu Nov 18 22:00:49 2021
"$4,030.35",Thu Nov 18 22:10:49 2021
"$4,029.85",Thu Nov 18 22:20:51 2021
"$4,032.43",Thu Nov 18 22:30:51 2021
"$4,020.94",Thu Nov 18 22:40:52 2021
"$3,985.77",Thu Nov 18 22:50:53 2021
"$4,044.85",Thu Nov 18 23:00:54 2021
"$4,071.82",Thu Nov 18 23:10:55 2021
"$4,071.10",Thu Nov 18 23:20:56 2021
"$4,049.31",Thu Nov 18 23:30:56 2021
"$4,056.12",Thu Nov 18 23:40:57 2021
"$4,015.63",Fri Nov 19 09:37:31 2021
"$4,019.04",Fri Nov 19 09:47:32 2021
"$4,042.50",Fri Nov 19 09:57:33 2021
"$4,043.81",Fri Nov 19 10:07:34 2021
"$4,055.81",Fri Nov 19 10:17:35 2021
"$4,041.70",Fri Nov 19 10:27:36 2021
"$4,056.40",Fri Nov 19 10:37:37 2021
"$4,057.66",Fri Nov 19 10:47:38 2021
"$4,043.92",Fri Nov 19 10:57:39 2021
"$4,062.83",Fri Nov 19 11:07:40 2021
"$4,079.51",Fri Nov 19 11:17:41 2021
"$4,072.33",Fri Nov 19 11:27:42 2021
"$4,077.51",Fri Nov 19 11:37:43 2021
"$4,080.06",Fri Nov 19 11:55:23 2021
"$4,070.11",Fri Nov 19 12:06:24 2021
"$4,073.75",Fri Nov 19 12:16:25 2021
"$4,052.63",Fri Nov 19 12:46:17 2021
"$4,050.38",Fri Nov 19 12:56:19 2021
"$4,047.04",Fri Nov 19 13:06:20 2021
"$4,048.23",Fri Nov 19 13:16:21 2021
"$4,048.40",Fri Nov 19 13:26:22 2021
"$4,063.51",Fri Nov 19 13:36:23 2021
"$4,086.20",Fri Nov 19 13:46:24 2021
"$4,130.07",Fri Nov 19 13:56:25 2021
"$4,152.07",Fri Nov 19 14:06:50 2021
"$4,163.37",Fri Nov 19 14:16:51 2021
"$4,151.52",Fri Nov 19 14:26:53 2021
"$4,140.10",Fri Nov 19 14:36:53 2021
"$4,149.19",Fri Nov 19 14:46:55 2021
"$4,174.77",Fri Nov 19 14:56:56 2021
"$4,155.70",Fri Nov 19 15:06:57 2021
"$4,168.15",Fri Nov 19 15:16:58 2021
"$4,170.40",Fri Nov 19 15:26:59 2021
"$4,161.82",Fri Nov 19 15:37:00 2021
"$4,145.77",Fri Nov 19 16:05:52 2021
"$4,137.90",Fri Nov 19 16:15:53 2021
"$4,144.42",Fri Nov 19 16:25:54 2021
"$4,161.29",Fri Nov 19 16:35:55 2021
"$4,129.59",Fri Nov 19 16:45:56 2021
"$4,117.88",Fri Nov 19 16:55:57 2021
"$4,136.38",Fri Nov 19 17:05:58 2021
"$4,138.69",Fri Nov 19 17:15:59 2021
"$4,135.11",Fri Nov 19 17:26:00 2021
"$4,146.15",Fri Nov 19 17:36:01 2021
"$4,151.67",Fri Nov 19 17:46:02 2021
"$4,159.07",Fri Nov 19 17:56:03 2021
"$4,163.31",Fri Nov 19 18:06:04 2021
"$4,154.56",Fri Nov 19 18:16:05 2021
"$4,150.62",Fri Nov 19 18:26:06 2021
"$4,140.43",Fri Nov 19 18:36:08 2021
"$4,144.14",Fri Nov 19 18:46:09 2021
"$4,151.41",Fri Nov 19 18:56:20 2021
"$4,182.79",Fri Nov 19 19:06:26 2021
"$4,214.69",Fri Nov 19 19:38:32 2021
"$4,208.65",Fri Nov 19 19:48:40 2021
"$4,211.72",Fri Nov 19 19:58:41 2021
"$4,197.40",Fri Nov 19 20:09:59 2021
"$4,214.72",Fri Nov 19 20:20:00 2021
"$4,228.38",Fri Nov 19 20:30:02 2021
"$4,227.99",Fri Nov 19 20:40:02 2021
"$4,216.24",Fri Nov 19 20:50:04 2021
"$4,228.77",Fri Nov 19 21:00:05 2021
"$4,213.51",Fri Nov 19 21:10:05 2021
"$4,231.81",Fri Nov 19 21:20:06 2021
"$4,238.82",Fri Nov 19 21:30:07 2021
"$4,222.98",Fri Nov 19 21:40:08 2021
"$4,237.08",Fri Nov 19 21:50:09 2021
"$4,227.31",Fri Nov 19 22:00:10 2021
"$4,222.41",Fri Nov 19 22:10:12 2021
"$4,229.54",Fri Nov 19 22:20:13 2021
"$4,247.01",Fri Nov 19 22:30:14 2021
"$4,263.52",Fri Nov 19 22:40:15 2021
"$4,274.53",Fri Nov 19 22:50:16 2021
"$4,278.34",Fri Nov 19 23:00:25 2021
"$4,276.07",Fri Nov 19 23:10:28 2021
"$4,333.28",Sat Nov 20 07:52:57 2021
"$4,316.72",Sat Nov 20 08:32:24 2021
"$4,312.54",Sat Nov 20 08:42:24 2021
"$4,313.17",Sat Nov 20 08:52:25 2021
"$4,313.25",Sat Nov 20 09:02:26 2021
"$4,299.07",Sat Nov 20 09:12:27 2021
"$4,287.89",Sat Nov 20 09:22:27 2021
"$4,280.57",Sat Nov 20 09:32:28 2021
"$4,274.36",Sat Nov 20 10:02:16 2021
"$4,279.19",Sat Nov 20 10:12:17 2021
"$4,282.30",Sat Nov 20 10:22:19 2021
"$4,294.31",Sat Nov 20 10:32:20 2021
"$4,300.39",Sat Nov 20 10:42:20 2021
"$4,276.08",Sat Nov 20 10:52:21 2021
"$4,283.44",Sat Nov 20 11:02:22 2021
"$4,295.07",Sat Nov 20 11:12:22 2021
"$4,288.37",Sat Nov 20 11:22:23 2021
"$4,274.85",Sat Nov 20 11:32:24 2021
"$4,280.91",Sat Nov 20 11:42:26 2021
"$4,291.69",Sat Nov 20 11:52:27 2021
"$4,307.04",Sat Nov 20 12:02:28 2021
"$4,305.39",Sat Nov 20 12:12:29 2021
"$4,287.88",Sat Nov 20 12:22:31 2021
"$4,294.88",Sat Nov 20 12:32:32 2021
"$4,296.15",Sat Nov 20 12:42:33 2021
"$4,296.60",Sat Nov 20 12:52:35 2021
"$4,282.51",Sat Nov 20 13:02:36 2021
"$4,281.48",Sat Nov 20 13:12:36 2021
"$4,277.72",Sat Nov 20 13:22:38 2021
"$4,282.42",Sat Nov 20 13:32:39 2021
"$4,272.41",Sat Nov 20 13:42:40 2021
"$4,282.36",Sat Nov 20 13:52:41 2021
"$4,286.22",Sat Nov 20 14:02:42 2021
"$4,304.14",Sat Nov 20 14:12:43 2021
"$4,297.72",Sat Nov 20 14:22:44 2021
"$4,302.18",Sat Nov 20 14:32:45 2021
"$4,302.94",Sat Nov 20 14:42:46 2021
"$4,308.13",Sat Nov 20 14:52:47 2021
"$4,296.34",Sat Nov 20 15:02:48 2021
"$4,277.83",Sat Nov 20 15:12:50 2021
"$4,293.56",Sat Nov 20 15:22:51 2021
"$4,294.19",Sat Nov 20 15:32:52 2021
"$4,287.89",Sat Nov 20 15:42:53 2021
"$4,300.04",Sat Nov 20 15:52:54 2021
"$4,305.22",Sat Nov 20 16:02:55 2021
"$4,308.44",Sat Nov 20 16:12:56 2021
"$4,306.86",Sat Nov 20 16:22:57 2021
"$4,297.96",Sat Nov 20 16:32:58 2021
"$4,304.72",Sat Nov 20 16:43:02 2021
"$4,296.50",Sat Nov 20 16:56:54 2021
"$4,302.29",Sat Nov 20 17:06:55 2021
"$4,312.86",Sat Nov 20 17:16:56 2021
"$4,321.93",Sat Nov 20 17:26:57 2021
"$4,321.10",Sat Nov 20 17:40:02 2021
"$4,327.38",Sat Nov 20 17:50:02 2021
"$4,329.19",Sat Nov 20 18:00:03 2021
"$4,323.57",Sat Nov 20 18:10:04 2021
"$4,311.73",Sat Nov 20 18:20:04 2021
"$4,315.58",Sat Nov 20 18:30:06 2021
"$4,313.32",Sat Nov 20 18:40:07 2021
"$4,305.08",Sat Nov 20 18:55:54 2021
"$4,308.79",Sat Nov 20 19:05:54 2021
"$4,293.93",Sat Nov 20 19:15:56 2021
"$4,321.95",Sat Nov 20 20:00:49 2021
"$4,300.40",Sat Nov 20 20:10:50 2021
"$4,291.56",Sat Nov 20 20:33:47 2021
"$4,238.29",Sat Nov 20 20:43:48 2021
"$4,246.98",Sat Nov 20 20:53:49 2021
"$4,252.97",Sat Nov 20 21:03:52 2021
"$4,241.00",Sat Nov 20 21:13:53 2021
"$4,226.50",Sat Nov 20 21:23:54 2021
"$4,224.67",Sat Nov 20 21:33:55 2021
"$4,221.68",Sat Nov 20 21:43:56 2021
"$4,209.24",Sat Nov 20 21:53:57 2021
"$4,233.12",Sat Nov 20 22:03:59 2021
"$4,240.30",Sat Nov 20 22:16:41 2021
"$4,241.67",Sat Nov 20 22:26:42 2021
"$4,239.64",Sat Nov 20 22:38:20 2021
"$4,238.74",Sat Nov 20 22:48:21 2021
"$4,234.90",Sat Nov 20 22:58:23 2021
"$4,234.96",Sat Nov 20 23:08:24 2021
"$4,371.53",Sun Nov 21 09:12:29 2021
"$4,356.74",Sun Nov 21 09:22:30 2021
"$4,349.21",Sun Nov 21 09:32:31 2021
"$4,348.68",Sun Nov 21 09:42:32 2021
"$4,363.46",Sun Nov 21 09:52:33 2021
"$4,366.16",Sun Nov 21 10:02:34 2021
"$4,358.02",Sun Nov 21 10:12:35 2021
"$4,340.93",Sun Nov 21 10:22:36 2021
"$4,330.93",Sun Nov 21 10:32:37 2021
"$4,339.66",Sun Nov 21 10:42:38 2021
"$4,346.97",Sun Nov 21 10:52:39 2021
"$4,347.40",Sun Nov 21 11:02:39 2021
"$4,357.66",Sun Nov 21 11:13:26 2021
"$4,363.14",Sun Nov 21 11:23:27 2021
"$4,366.47",Sun Nov 21 11:33:28 2021
"$4,363.29",Sun Nov 21 11:43:29 2021
"$4,366.32",Sun Nov 21 12:45:42 2021
"$4,367.36",Sun Nov 21 12:55:43 2021
"$4,367.61",Sun Nov 21 13:05:44 2021
"$4,322.08",Sun Nov 21 17:23:10 2021
"$4,324.05",Sun Nov 21 17:33:24 2021
"$4,350.93",Sun Nov 21 17:54:18 2021
"$4,349.36",Sun Nov 21 18:04:19 2021
"$4,329.77",Sun Nov 21 18:14:20 2021
"$4,345.28",Sun Nov 21 18:25:32 2021
"$4,337.27",Sun Nov 21 18:37:13 2021
"$4,337.86",Sun Nov 21 19:11:34 2021
"$4,324.65",Sun Nov 21 19:21:35 2021
"$4,331.70",Sun Nov 21 19:31:36 2021
"$4,314.55",Sun Nov 21 19:41:37 2021
"$4,317.88",Sun Nov 21 19:51:38 2021
"$4,312.22",Sun Nov 21 20:01:39 2021
"$4,318.99",Sun Nov 21 20:11:39 2021
"$4,327.21",Sun Nov 21 20:40:00 2021
"$4,341.57",Sun Nov 21 20:50:00 2021
"$4,342.69",Sun Nov 21 21:00:01 2021
"$4,356.06",Sun Nov 21 21:10:02 2021
"$4,359.26",Sun Nov 21 21:20:03 2021
"$4,373.89",Sun Nov 21 21:30:04 2021
"$4,377.21",Sun Nov 21 21:40:29 2021
"$4,363.98",Sun Nov 21 21:51:05 2021
"$4,341.67",Sun Nov 21 22:01:15 2021
"$4,350.30",Sun Nov 21 22:20:29 2021
"$4,377.99",Sun Nov 21 22:30:30 2021
"$4,404.03",Sun Nov 21 22:40:44 2021
"$4,388.27",Sun Nov 21 22:50:44 2021
"$4,393.60",Sun Nov 21 23:00:47 2021
"$4,384.95",Sun Nov 21 23:10:50 2021
"$4,182.05",Mon Nov 22 09:01:34 2021
"$4,173.92",Mon Nov 22 09:13:01 2021
"$4,179.83",Mon Nov 22 09:23:01 2021
"$4,165.47",Mon Nov 22 09:33:02 2021
"$4,160.63",Mon Nov 22 09:43:03 2021
"$4,173.02",Mon Nov 22 09:53:04 2021
"$4,177.15",Mon Nov 22 10:03:05 2021
"$4,172.24",Mon Nov 22 10:13:06 2021
"$4,165.41",Mon Nov 22 10:23:07 2021
"$4,154.67",Mon Nov 22 10:33:09 2021
"$4,144.97",Mon Nov 22 10:43:10 2021
"$4,147.94",Mon Nov 22 10:53:11 2021
"$4,162.79",Mon Nov 22 11:03:12 2021
"$4,173.14",Mon Nov 22 11:13:12 2021
"$4,176.83",Mon Nov 22 11:23:13 2021
"$4,180.30",Mon Nov 22 11:33:14 2021
"$4,181.18",Mon Nov 22 11:43:15 2021
"$4,183.05",Mon Nov 22 11:53:16 2021
"$4,180.86",Mon Nov 22 12:03:16 2021
"$4,175.62",Mon Nov 22 12:13:17 2021
"$4,167.47",Mon Nov 22 12:23:18 2021
"$4,177.99",Mon Nov 22 12:33:19 2021
"$4,204.94",Mon Nov 22 12:43:20 2021
"$4,198.02",Mon Nov 22 12:53:21 2021
"$4,208.58",Mon Nov 22 13:03:21 2021
"$4,209.98",Mon Nov 22 13:13:22 2021
"$4,179.96",Mon Nov 22 17:54:36 2021
"$4,214.62",Mon Nov 22 18:04:38 2021
"$4,195.32",Mon Nov 22 18:14:38 2021
"$4,180.64",Mon Nov 22 18:24:39 2021
"$4,179.83",Mon Nov 22 18:36:51 2021
"$4,155.87",Mon Nov 22 18:46:52 2021
"$4,153.10",Mon Nov 22 19:02:54 2021
"$4,280.36",Mon Nov 22 19:16:58 2021
"$4,274.77",Mon Nov 22 19:33:59 2021
"$4,291.13",Mon Nov 22 19:44:00 2021
"$4,279.80",Mon Nov 22 19:54:00 2021
"$4,236.07",Mon Nov 22 21:11:03 2021
"$4,243.27",Mon Nov 22 21:21:04 2021
"$4,232.99",Mon Nov 22 21:31:04 2021
"$4,222.81",Mon Nov 22 21:41:05 2021
"$4,230.45",Mon Nov 22 21:51:08 2021
"$4,237.12",Mon Nov 22 22:01:09 2021
"$4,223.54",Mon Nov 22 22:39:10 2021
"$4,230.47",Mon Nov 22 22:49:17 2021
"$4,216.18",Mon Nov 22 23:05:18 2021
"$4,192.37",Mon Nov 22 23:15:19 2021
"$4,204.26",Mon Nov 22 23:25:20 2021
"$4,207.10",Mon Nov 22 23:35:21 2021
"$4,203.17",Mon Nov 22 23:45:22 2021
"$4,127.56",Tue Nov 23 07:53:52 2021
"$4,141.33",Tue Nov 23 08:04:10 2021
"$4,140.16",Tue Nov 23 08:21:39 2021
"$4,139.15",Tue Nov 23 08:31:40 2021
"$4,174.73",Tue Nov 23 08:41:41 2021
"$4,189.84",Tue Nov 23 08:51:41 2021
"$4,171.91",Tue Nov 23 09:01:42 2021
"$4,169.85",Tue Nov 23 09:11:43 2021
"$4,173.69",Tue Nov 23 09:21:43 2021
"$4,171.25",Tue Nov 23 09:31:44 2021
"$4,174.99",Tue Nov 23 09:41:45 2021
"$4,168.37",Tue Nov 23 09:51:46 2021
"$4,180.68",Tue Nov 23 10:01:47 2021
"$4,179.32",Tue Nov 23 10:11:48 2021
"$4,184.75",Tue Nov 23 10:21:49 2021
"$4,179.54",Tue Nov 23 10:31:50 2021
"$4,165.10",Tue Nov 23 10:41:51 2021
"$4,165.06",Tue Nov 23 10:51:52 2021
"$4,211.46",Tue Nov 23 15:56:41 2021
"$4,195.78",Tue Nov 23 16:06:42 2021
"$4,192.21",Tue Nov 23 16:16:43 2021
"$4,186.49",Tue Nov 23 16:26:44 2021
"$4,158.89",Tue Nov 23 16:36:45 2021
"$4,165.48",Tue Nov 23 16:46:46 2021
"$4,155.15",Tue Nov 23 16:56:47 2021
"$4,148.48",Tue Nov 23 17:06:47 2021
"$4,136.33",Tue Nov 23 17:16:48 2021
"$4,129.80",Tue Nov 23 17:26:49 2021
"$4,144.60",Tue Nov 23 17:36:50 2021
"$4,153.41",Tue Nov 23 17:46:51 2021
"$4,139.81",Tue Nov 23 18:11:39 2021
"$4,132.79",Tue Nov 23 18:21:40 2021
"$4,133.23",Tue Nov 23 18:31:41 2021
"$4,175.27",Tue Nov 23 18:41:42 2021
"$4,163.91",Tue Nov 23 18:51:43 2021
"$4,181.86",Tue Nov 23 19:01:44 2021
"$4,171.51",Tue Nov 23 19:26:35 2021
"$4,177.18",Tue Nov 23 19:36:36 2021
"$4,252.16",Wed Nov 24 08:24:13 2021
"$4,239.98",Wed Nov 24 08:34:14 2021
"$4,239.67",Wed Nov 24 08:44:15 2021
"$4,240.59",Wed Nov 24 08:54:16 2021
"$4,239.60",Wed Nov 24 09:04:17 2021
"$4,238.00",Wed Nov 24 09:14:17 2021
"$4,242.75",Wed Nov 24 09:24:18 2021
"$4,242.75",Wed Nov 24 09:47:50 2021
"$4,407.58",Tue Nov 30 01:55:53 2021
"$4,418.36",Tue Nov 30 02:05:50 2021
"$4,414.01",Tue Nov 30 02:15:51 2021
"$4,420.04",Tue Nov 30 02:25:51 2021
"$4,414.88",Tue Nov 30 02:35:52 2021
"$4,427.82",Tue Nov 30 02:45:53 2021
"$4,442.87",Tue Nov 30 02:55:53 2021
"$4,451.95",Tue Nov 30 10:38:38 2021
"$4,444.80",Tue Nov 30 10:48:39 2021
"$4,426.12",Tue Nov 30 10:58:40 2021
"$4,414.80",Tue Nov 30 11:08:41 2021
"$4,412.83",Tue Nov 30 11:18:42 2021
"$4,418.42",Tue Nov 30 11:28:43 2021
"$4,377.93",Tue Nov 30 11:38:44 2021
"$4,373.63",Tue Nov 30 11:48:45 2021
"$4,391.85",Tue Nov 30 11:58:46 2021
"$4,398.98",Tue Nov 30 12:08:48 2021
"$4,393.50",Tue Nov 30 12:18:49 2021
"$4,403.38",Tue Nov 30 12:28:49 2021
"$4,418.89",Tue Nov 30 12:38:50 2021
"$4,640.60",Tue Nov 30 21:35:51 2021
"$4,625.32",Tue Nov 30 21:45:52 2021
"$4,618.35",Tue Nov 30 21:55:53 2021
"$4,621.01",Tue Nov 30 22:06:02 2021
"$4,641.03",Tue Nov 30 22:16:04 2021
"$4,595.77",Tue Nov 30 23:44:32 2021
"$4,766.52",Wed Dec  1 13:10:32 2021
"$4,768.00",Wed Dec  1 13:20:32 2021
"$4,764.35",Wed Dec  1 13:30:33 2021
"$4,752.82",Wed Dec  1 13:40:34 2021
"$4,761.21",Wed Dec  1 14:07:55 2021
"$4,730.69",Wed Dec  1 14:17:59 2021
"$4,716.29",Wed Dec  1 14:28:01 2021
"$4,696.55",Wed Dec  1 14:38:03 2021
"$4,714.65",Wed Dec  1 14:49:16 2021
"$4,730.20",Wed Dec  1 21:35:04 2021
"$4,749.82",Wed Dec  1 21:45:05 2021
"$4,746.14",Wed Dec  1 21:55:06 2021
"$4,734.44",Wed Dec  1 22:05:06 2021
"$4,726.74",Wed Dec  1 22:15:07 2021
"$4,720.80",Wed Dec  1 22:25:08 2021
"$4,701.91",Wed Dec  1 22:35:09 2021
"$4,707.16",Wed Dec  1 22:45:10 2021
"$4,706.42",Wed Dec  1 22:55:11 2021
"$4,700.73",Wed Dec  1 23:05:13 2021
"$4,687.16",Wed Dec  1 23:37:05 2021
"$4,524.64",Thu Dec  2 12:14:41 2021
"$4,528.41",Thu Dec  2 12:24:42 2021
"$4,525.43",Thu Dec  2 12:34:43 2021
"$4,593.10",Thu Dec  2 14:26:33 2021
"$4,589.94",Thu Dec  2 14:36:32 2021
"$4,595.97",Thu Dec  2 14:46:33 2021
"$4,576.25",Thu Dec  2 15:02:14 2021
"$4,572.66",Thu Dec  2 15:12:15 2021
"$4,582.50",Thu Dec  2 15:22:16 2021
"$4,581.54",Thu Dec  2 15:32:17 2021
"$4,581.81",Thu Dec  2 15:42:18 2021
"$4,530.53",Thu Dec  2 17:41:46 2021
"$4,519.96",Thu Dec  2 17:51:46 2021
"$4,536.89",Thu Dec  2 18:01:48 2021
"$4,545.48",Thu Dec  2 18:11:49 2021
"$4,534.33",Thu Dec  2 18:21:50 2021
"$4,544.45",Thu Dec  2 18:31:51 2021
"$4,536.13",Thu Dec  2 18:41:52 2021
"$4,533.33",Thu Dec  2 18:51:55 2021
"$4,512.57",Thu Dec  2 19:01:55 2021
"$4,520.13",Thu Dec  2 19:11:56 2021
"$4,524.40",Thu Dec  2 19:21:57 2021
"$4,520.35",Thu Dec  2 19:31:57 2021
"$4,518.27",Thu Dec  2 19:41:58 2021
"$4,528.69",Fri Dec  3 10:58:54 2021
"$4,525.03",Fri Dec  3 11:08:56 2021
"$4,562.19",Fri Dec  3 11:18:58 2021
"$4,570.10",Fri Dec  3 11:29:03 2021
"$3,932.51",Sat Dec  4 15:34:15 2021
"$3,942.92",Sat Dec  4 15:44:16 2021
"$3,954.41",Sat Dec  4 15:54:17 2021
"$3,926.53",Sat Dec  4 16:04:18 2021
"$3,887.55",Sat Dec  4 16:14:18 2021
"$3,900.49",Sat Dec  4 16:24:19 2021
"$3,923.21",Sat Dec  4 16:34:20 2021
"$3,893.28",Sat Dec  4 16:44:20 2021
"$3,880.13",Sat Dec  4 16:54:21 2021
"$3,890.31",Sat Dec  4 17:08:29 2021
"$3,851.02",Sat Dec  4 17:18:31 2021
"$3,866.74",Sat Dec  4 17:28:32 2021
"$3,883.52",Sat Dec  4 17:38:32 2021
"$3,887.10",Sat Dec  4 17:48:33 2021
"$3,920.87",Sat Dec  4 19:01:00 2021
"$3,954.04",Sat Dec  4 19:11:02 2021
"$3,953.17",Sat Dec  4 19:21:02 2021
"$3,957.04",Sat Dec  4 19:31:03 2021
"$3,957.64",Sat Dec  4 19:41:05 2021
"$3,969.33",Sat Dec  4 19:51:05 2021
"$3,982.40",Sat Dec  4 20:01:08 2021
"$3,962.83",Sat Dec  4 20:12:42 2021
"$3,999.90",Sat Dec  4 20:22:42 2021
"$4,029.45",Sat Dec  4 20:32:43 2021
"$4,040.93",Sat Dec  4 20:42:45 2021
"$4,029.76",Sat Dec  4 22:06:29 2021
"$4,033.74",Sat Dec  4 22:16:30 2021
"$4,004.71",Sat Dec  4 22:26:31 2021
"$4,205.08",Sun Dec  5 11:24:53 2021
"$4,200.07",Sun Dec  5 11:34:55 2021
"$4,201.29",Sun Dec  5 11:44:57 2021
"$4,190.80",Sun Dec  5 11:55:02 2021
"$4,216.99",Sun Dec  5 12:05:05 2021
"$4,222.29",Sun Dec  5 12:15:07 2021
"$4,222.54",Sun Dec  5 12:25:09 2021
"$4,228.84",Sun Dec  5 12:35:10 2021
"$4,220.73",Sun Dec  5 12:45:11 2021
"$4,217.10",Sun Dec  5 12:55:12 2021
"$4,227.52",Sun Dec  5 13:05:13 2021
"$4,228.41",Sun Dec  5 13:15:14 2021
"$4,211.60",Sun Dec  5 13:25:15 2021
"$4,188.55",Sun Dec  5 13:45:45 2021
"$4,213.81",Sun Dec  5 13:55:46 2021
"$4,201.49",Sun Dec  5 14:05:47 2021
"$4,213.64",Sun Dec  5 14:15:48 2021
"$4,216.82",Sun Dec  5 14:25:49 2021
"$4,217.89",Sun Dec  5 14:35:55 2021
"$4,195.77",Sun Dec  5 14:45:56 2021
"$4,184.39",Sun Dec  5 14:55:56 2021
"$4,196.39",Sun Dec  5 15:05:57 2021
"$4,195.60",Sun Dec  5 15:15:58 2021
"$4,208.31",Sun Dec  5 15:25:59 2021
"$4,182.31",Sun Dec  5 15:36:00 2021
"$4,200.88",Sun Dec  5 15:46:01 2021
"$4,202.13",Sun Dec  5 15:56:02 2021
"$4,213.06",Sun Dec  5 16:06:02 2021
"$4,214.76",Sun Dec  5 16:16:03 2021
"$4,193.59",Sun Dec  5 16:40:05 2021
"$4,210.94",Sun Dec  5 16:50:05 2021
"$4,208.88",Sun Dec  5 17:00:06 2021
"$4,212.42",Sun Dec  5 17:10:07 2021
"$4,204.78",Sun Dec  5 17:20:08 2021
"$4,192.59",Sun Dec  5 17:30:08 2021
"$4,192.25",Sun Dec  5 17:40:09 2021
"$4,222.11",Sun Dec  5 17:50:10 2021
"$4,233.57",Sun Dec  5 18:00:10 2021
"$4,234.12",Sun Dec  5 18:10:11 2021
"$4,234.92",Sun Dec  5 18:20:12 2021
"$4,228.78",Sun Dec  5 18:30:14 2021
"$4,213.85",Sun Dec  5 18:40:15 2021
"$4,221.07",Sun Dec  5 18:50:17 2021
"$4,203.23",Sun Dec  5 19:00:18 2021
"$4,214.61",Sun Dec  5 19:10:19 2021
"$4,215.37",Sun Dec  5 19:20:20 2021
"$4,217.23",Sun Dec  5 19:30:20 2021
"$4,172.63",Sun Dec  5 19:40:21 2021
"$4,178.29",Mon Dec  6 09:08:00 2021
"$4,182.10",Mon Dec  6 09:18:01 2021
"$4,184.05",Mon Dec  6 09:28:03 2021
"$4,176.29",Mon Dec  6 09:38:05 2021
"$4,189.28",Mon Dec  6 09:48:06 2021
"$4,187.63",Mon Dec  6 09:58:08 2021
"$4,191.23",Mon Dec  6 10:08:09 2021
"$4,186.87",Mon Dec  6 10:18:17 2021
"$4,171.72",Mon Dec  6 10:28:19 2021
"$4,178.83",Mon Dec  6 10:38:21 2021
"$4,168.97",Mon Dec  6 10:48:22 2021
"$4,185.02",Mon Dec  6 11:02:48 2021
"$4,160.98",Mon Dec  6 11:12:50 2021
"$4,156.94",Mon Dec  6 11:22:51 2021
"$4,146.99",Mon Dec  6 11:32:52 2021
"$4,143.92",Mon Dec  6 11:42:54 2021
"$4,143.29",Mon Dec  6 11:52:56 2021
"$4,145.75",Mon Dec  6 12:02:58 2021
"$4,097.42",Mon Dec  6 12:30:58 2021
"$4,064.01",Mon Dec  6 13:24:23 2021
"$4,073.04",Mon Dec  6 13:34:24 2021
"$4,091.40",Mon Dec  6 13:44:26 2021
"$4,075.02",Mon Dec  6 13:54:27 2021
"$4,032.68",Mon Dec  6 14:04:29 2021
"$4,005.20",Mon Dec  6 14:14:31 2021
"$4,045.89",Mon Dec  6 14:24:33 2021
"$4,044.04",Mon Dec  6 14:34:35 2021
"$4,036.94",Mon Dec  6 14:44:37 2021
"$4,034.66",Mon Dec  6 14:54:39 2021
"$4,011.04",Mon Dec  6 15:04:40 2021
"$3,954.36",Mon Dec  6 15:14:42 2021
"$3,965.12",Mon Dec  6 15:24:45 2021
"$3,962.42",Mon Dec  6 15:34:51 2021
"$3,984.41",Mon Dec  6 15:44:53 2021
"$3,984.71",Mon Dec  6 15:54:54 2021
"$3,961.19",Mon Dec  6 16:04:55 2021
"$3,951.11",Mon Dec  6 16:14:56 2021
"$3,969.45",Mon Dec  6 16:24:57 2021
"$3,954.70",Mon Dec  6 16:34:58 2021
"$3,944.21",Mon Dec  6 16:44:59 2021
"$3,954.57",Mon Dec  6 16:55:00 2021
"$3,974.71",Mon Dec  6 17:05:01 2021
"$3,971.23",Mon Dec  6 17:15:01 2021
"$4,013.90",Mon Dec  6 17:25:02 2021
"$4,046.30",Mon Dec  6 17:35:03 2021
"$4,049.09",Mon Dec  6 17:45:04 2021
"$4,049.60",Mon Dec  6 17:55:05 2021
"$4,080.24",Mon Dec  6 18:05:06 2021
"$4,082.15",Mon Dec  6 18:15:07 2021
"$4,066.89",Mon Dec  6 18:25:08 2021
"$4,056.02",Mon Dec  6 18:35:09 2021
"$4,089.13",Mon Dec  6 18:45:10 2021
"$4,063.74",Mon Dec  6 18:55:11 2021
"$4,060.14",Mon Dec  6 19:05:11 2021
"$4,049.01",Mon Dec  6 19:15:13 2021
"$4,025.53",Mon Dec  6 19:25:15 2021
"$4,034.02",Mon Dec  6 19:35:16 2021
"$4,054.28",Mon Dec  6 19:45:17 2021
"$4,061.53",Mon Dec  6 19:55:19 2021
"$4,031.72",Mon Dec  6 20:23:49 2021
"$4,012.68",Mon Dec  6 20:33:51 2021
"$4,012.79",Mon Dec  6 20:43:54 2021
"$4,345.62",Tue Dec  7 09:21:49 2021
"$4,348.56",Tue Dec  7 09:31:49 2021
"$4,357.63",Tue Dec  7 09:41:50 2021
"$4,363.46",Tue Dec  7 09:51:52 2021
"$4,360.96",Tue Dec  7 10:01:53 2021
"$4,345.59",Tue Dec  7 10:11:55 2021
"$4,343.92",Tue Dec  7 10:21:57 2021
"$4,350.45",Tue Dec  7 10:31:58 2021
"$4,361.77",Tue Dec  7 10:42:00 2021
"$4,367.89",Tue Dec  7 10:52:02 2021
"$4,352.42",Tue Dec  7 11:02:04 2021
"$4,343.64",Tue Dec  7 11:12:08 2021
"$4,353.03",Tue Dec  7 11:22:09 2021
"$4,361.45",Tue Dec  7 11:32:11 2021
"$4,353.19",Tue Dec  7 11:42:13 2021
"$4,361.01",Tue Dec  7 11:52:15 2021
"$4,361.29",Tue Dec  7 12:02:16 2021
"$4,370.45",Tue Dec  7 12:12:18 2021
"$4,364.19",Tue Dec  7 12:22:19 2021
"$4,359.22",Tue Dec  7 12:32:21 2021
"$4,381.16",Tue Dec  7 12:42:23 2021
"$4,364.34",Tue Dec  7 12:52:24 2021
"$4,361.29",Tue Dec  7 13:02:27 2021
"$4,355.91",Tue Dec  7 13:12:28 2021
"$4,353.50",Tue Dec  7 13:22:30 2021
"$4,351.92",Tue Dec  7 13:32:31 2021
"$4,370.32",Tue Dec  7 13:42:34 2021
"$4,373.46",Tue Dec  7 13:52:36 2021
"$4,390.66",Tue Dec  7 14:02:38 2021
"$4,390.57",Tue Dec  7 14:12:41 2021
"$4,415.29",Tue Dec  7 14:23:53 2021
"$4,417.97",Tue Dec  7 14:33:55 2021
"$4,414.30",Tue Dec  7 14:43:57 2021
"$4,407.71",Tue Dec  7 14:53:59 2021
"$4,414.23",Tue Dec  7 15:04:01 2021
"$4,415.71",Tue Dec  7 15:14:03 2021
"$4,392.37",Tue Dec  7 15:24:04 2021
"$4,392.68",Tue Dec  7 15:34:05 2021
"$4,396.12",Tue Dec  7 15:44:08 2021
"$4,386.57",Tue Dec  7 15:54:11 2021
"$4,392.70",Tue Dec  7 16:04:13 2021
"$4,398.49",Tue Dec  7 16:14:15 2021
"$4,396.69",Tue Dec  7 16:24:17 2021
"$4,406.29",Tue Dec  7 16:34:21 2021
"$4,419.87",Tue Dec  7 16:44:22 2021
"$4,424.44",Tue Dec  7 16:54:24 2021
"$4,406.35",Tue Dec  7 17:04:25 2021
"$4,398.14",Tue Dec  7 17:14:27 2021
"$4,415.21",Tue Dec  7 17:24:29 2021
"$4,417.00",Tue Dec  7 17:34:30 2021
"$4,399.86",Tue Dec  7 17:44:32 2021
"$4,379.05",Tue Dec  7 17:54:33 2021
"$4,357.92",Tue Dec  7 18:04:35 2021
"$4,338.94",Tue Dec  7 18:14:36 2021
"$4,369.82",Tue Dec  7 18:24:38 2021
"$4,365.09",Tue Dec  7 18:34:39 2021
"$4,375.94",Tue Dec  7 18:44:41 2021
"$4,369.56",Tue Dec  7 18:54:42 2021
"$4,349.20",Tue Dec  7 19:04:44 2021
"$4,353.41",Tue Dec  7 19:14:46 2021
"$4,356.31",Tue Dec  7 19:24:47 2021
"$4,352.88",Tue Dec  7 20:28:31 2021
"$4,320.35",Wed Dec  8 09:09:54 2021
"$4,313.98",Wed Dec  8 09:19:54 2021
"$4,285.15",Wed Dec  8 09:29:56 2021
"$4,306.77",Wed Dec  8 09:39:57 2021
"$4,307.04",Wed Dec  8 09:49:58 2021
"$4,322.34",Wed Dec  8 09:59:59 2021
"$4,314.46",Wed Dec  8 10:10:00 2021
"$4,310.40",Wed Dec  8 10:20:01 2021
"$4,318.06",Wed Dec  8 10:30:02 2021
"$4,322.40",Wed Dec  8 10:40:02 2021
"$4,336.60",Wed Dec  8 10:50:03 2021
"$4,334.76",Wed Dec  8 11:00:04 2021
"$4,335.28",Wed Dec  8 11:10:05 2021
"$4,341.91",Wed Dec  8 11:20:06 2021
"$4,332.53",Wed Dec  8 11:30:07 2021
"$4,329.76",Wed Dec  8 11:40:08 2021
"$4,341.89",Wed Dec  8 11:50:09 2021
"$4,370.08",Wed Dec  8 12:00:10 2021
"$4,366.41",Wed Dec  8 12:10:11 2021
"$4,362.21",Wed Dec  8 12:20:12 2021
"$4,373.34",Wed Dec  8 12:30:13 2021
"$4,368.91",Wed Dec  8 12:40:13 2021
"$4,359.30",Wed Dec  8 12:50:16 2021
"$4,360.27",Wed Dec  8 13:00:16 2021
"$4,353.04",Wed Dec  8 13:10:17 2021
"$4,360.91",Wed Dec  8 13:20:18 2021
"$4,370.27",Wed Dec  8 13:30:19 2021
"$4,377.98",Wed Dec  8 13:40:20 2021
"$4,382.36",Wed Dec  8 13:50:21 2021
"$4,363.87",Wed Dec  8 14:00:22 2021
"$4,363.32",Wed Dec  8 14:10:23 2021
"$4,360.60",Wed Dec  8 14:20:23 2021
"$4,366.07",Wed Dec  8 14:30:25 2021
"$4,373.76",Wed Dec  8 14:40:25 2021
"$4,382.51",Wed Dec  8 14:50:26 2021
"$4,383.10",Wed Dec  8 15:00:27 2021
"$4,360.26",Wed Dec  8 15:10:28 2021
"$4,345.47",Wed Dec  8 15:20:30 2021
"$4,339.50",Wed Dec  8 15:30:30 2021
"$4,332.95",Wed Dec  8 15:40:31 2021
"$4,335.77",Wed Dec  8 15:50:33 2021
"$4,340.57",Wed Dec  8 16:00:34 2021
"$4,343.36",Wed Dec  8 16:10:35 2021
"$4,296.56",Wed Dec  8 16:20:36 2021
"$4,299.31",Wed Dec  8 16:30:37 2021
"$4,267.06",Wed Dec  8 16:40:38 2021
"$4,281.48",Wed Dec  8 16:50:39 2021
"$4,277.70",Wed Dec  8 17:00:40 2021
"$4,276.30",Wed Dec  8 17:10:41 2021
"$4,243.54",Wed Dec  8 17:20:42 2021
"$4,264.29",Wed Dec  8 17:30:43 2021
"$4,284.75",Wed Dec  8 17:40:43 2021
"$4,245.76",Wed Dec  8 17:50:44 2021
"$4,240.26",Wed Dec  8 18:00:45 2021
"$4,271.76",Wed Dec  8 18:10:46 2021
"$4,272.16",Wed Dec  8 18:20:47 2021
"$4,292.54",Wed Dec  8 18:30:48 2021
"$4,297.95",Wed Dec  8 18:40:49 2021
"$4,301.12",Wed Dec  8 18:50:50 2021
"$4,288.18",Wed Dec  8 19:00:50 2021
"$4,305.14",Wed Dec  8 19:10:51 2021
"$4,306.64",Wed Dec  8 19:20:52 2021
"$4,291.92",Wed Dec  8 19:30:53 2021
"$4,294.45",Wed Dec  8 19:40:54 2021
"$4,328.60",Wed Dec  8 19:50:54 2021
"$4,437.40",Wed Dec  8 20:51:57 2021
"$4,436.01",Wed Dec  8 21:07:46 2021
"$4,419.36",Wed Dec  8 21:17:46 2021
"$4,422.26",Wed Dec  8 21:42:58 2021
"$4,424.22",Wed Dec  8 21:52:59 2021
"$4,399.74",Wed Dec  8 22:03:00 2021
"$4,389.72",Wed Dec  8 22:13:01 2021
"$4,397.55",Wed Dec  8 22:23:02 2021
"$4,395.36",Wed Dec  8 22:33:03 2021
"$4,409.27",Wed Dec  8 22:43:04 2021
"$4,386.82",Wed Dec  8 23:08:14 2021
"$4,384.63",Wed Dec  8 23:18:16 2021
"$4,384.64",Thu Dec  9 09:20:16 2021
"$4,377.72",Thu Dec  9 09:30:17 2021
"$4,379.84",Thu Dec  9 09:40:18 2021
"$4,372.30",Thu Dec  9 09:50:19 2021
"$4,375.22",Thu Dec  9 10:00:19 2021
"$4,375.49",Thu Dec  9 10:10:21 2021
"$4,374.86",Thu Dec  9 10:20:21 2021
"$4,385.72",Thu Dec  9 10:30:22 2021
"$4,385.33",Thu Dec  9 10:40:23 2021
"$4,386.98",Thu Dec  9 10:50:24 2021
"$4,387.08",Thu Dec  9 11:00:25 2021
"$4,383.37",Thu Dec  9 11:10:26 2021
"$4,386.72",Thu Dec  9 11:20:27 2021
"$4,384.24",Thu Dec  9 11:30:28 2021
"$4,380.01",Thu Dec  9 11:40:29 2021
"$4,393.40",Thu Dec  9 11:50:30 2021
"$4,388.76",Thu Dec  9 12:00:31 2021
"$4,373.15",Thu Dec  9 12:10:32 2021
"$4,381.45",Thu Dec  9 12:20:32 2021
"$4,383.01",Thu Dec  9 12:30:34 2021
"$4,361.85",Thu Dec  9 12:40:35 2021
"$4,363.72",Thu Dec  9 12:50:36 2021
"$4,365.22",Thu Dec  9 13:00:37 2021
"$4,376.76",Thu Dec  9 13:10:37 2021
"$4,390.67",Thu Dec  9 13:20:38 2021
"$4,394.48",Thu Dec  9 13:30:40 2021
"$4,374.05",Thu Dec  9 13:40:41 2021
"$4,362.29",Thu Dec  9 13:50:42 2021
"$4,347.89",Thu Dec  9 14:00:43 2021
"$4,360.74",Thu Dec  9 14:10:43 2021
"$4,345.01",Thu Dec  9 14:20:44 2021
"$4,342.19",Thu Dec  9 14:30:45 2021
"$4,334.23",Thu Dec  9 14:40:46 2021
"$4,325.24",Thu Dec  9 14:50:47 2021
"$4,335.51",Thu Dec  9 15:00:48 2021
"$4,313.59",Thu Dec  9 15:10:49 2021
"$4,309.78",Thu Dec  9 15:20:50 2021
"$4,320.86",Thu Dec  9 15:30:51 2021
"$4,303.29",Thu Dec  9 19:40:36 2021
"$4,299.60",Thu Dec  9 19:50:37 2021
"$4,287.52",Thu Dec  9 20:00:38 2021
"$4,263.40",Thu Dec  9 20:10:39 2021
"$4,267.27",Thu Dec  9 20:20:40 2021
"$4,244.62",Thu Dec  9 20:30:41 2021
"$4,227.31",Thu Dec  9 20:40:42 2021
"$4,247.23",Thu Dec  9 20:50:43 2021
"$4,192.66",Thu Dec  9 21:00:44 2021
"$4,168.38",Thu Dec  9 21:10:45 2021
"$4,145.23",Fri Dec 10 09:27:02 2021
"$4,149.97",Fri Dec 10 09:37:03 2021
"$4,139.62",Fri Dec 10 09:47:05 2021
"$4,150.71",Fri Dec 10 09:57:06 2021
"$4,157.30",Fri Dec 10 10:07:08 2021
"$4,143.11",Fri Dec 10 10:17:10 2021
"$4,147.68",Fri Dec 10 10:27:12 2021
"$4,133.65",Fri Dec 10 10:37:13 2021
"$4,131.61",Fri Dec 10 10:47:15 2021
"$4,143.45",Fri Dec 10 10:57:17 2021
"$4,128.71",Fri Dec 10 11:07:19 2021
"$4,116.81",Fri Dec 10 11:17:21 2021
"$4,115.01",Fri Dec 10 11:27:23 2021
"$4,121.85",Fri Dec 10 11:37:24 2021
"$4,133.25",Fri Dec 10 11:47:26 2021
"$4,140.65",Fri Dec 10 11:57:29 2021
"$4,116.81",Fri Dec 10 12:07:30 2021
"$4,114.66",Fri Dec 10 12:17:32 2021
"$4,123.66",Fri Dec 10 12:27:33 2021
"$4,070.98",Fri Dec 10 12:37:35 2021
"$4,055.07",Fri Dec 10 12:47:36 2021
"$4,068.33",Fri Dec 10 13:01:01 2021
"$4,083.83",Fri Dec 10 13:11:03 2021
"$4,073.14",Fri Dec 10 13:21:05 2021
"$4,040.20",Fri Dec 10 13:31:07 2021
"$4,036.25",Fri Dec 10 13:41:08 2021
"$4,039.54",Fri Dec 10 13:51:10 2021
"$4,066.60",Fri Dec 10 14:01:11 2021
"$4,066.11",Fri Dec 10 14:11:12 2021
"$4,065.61",Fri Dec 10 14:21:13 2021
"$4,079.43",Fri Dec 10 14:31:14 2021
"$4,076.15",Fri Dec 10 14:41:14 2021
"$4,075.64",Fri Dec 10 14:51:15 2021
"$4,079.59",Fri Dec 10 15:01:16 2021
"$4,075.85",Fri Dec 10 15:11:17 2021
"$4,092.48",Fri Dec 10 15:21:18 2021
"$4,098.86",Fri Dec 10 15:31:18 2021
"$4,122.94",Fri Dec 10 15:41:20 2021
"$4,102.71",Fri Dec 10 16:00:32 2021
"$4,100.42",Fri Dec 10 16:10:33 2021
"$4,095.38",Fri Dec 10 16:20:35 2021
"$4,092.35",Fri Dec 10 16:30:36 2021
"$4,097.01",Fri Dec 10 16:40:45 2021
"$4,114.17",Fri Dec 10 16:50:46 2021
"$4,101.07",Fri Dec 10 17:00:46 2021
"$4,106.89",Fri Dec 10 17:10:47 2021
"$4,141.46",Fri Dec 10 17:20:49 2021
"$4,160.21",Fri Dec 10 17:30:50 2021
"$4,169.48",Fri Dec 10 17:40:51 2021
"$4,189.99",Fri Dec 10 17:50:51 2021
"$4,169.85",Fri Dec 10 18:00:52 2021
"$4,165.90",Fri Dec 10 18:10:53 2021
"$4,158.52",Fri Dec 10 18:20:54 2021
"$4,167.70",Fri Dec 10 18:30:54 2021
"$4,162.93",Fri Dec 10 18:40:55 2021
"$4,162.90",Fri Dec 10 18:50:56 2021
"$4,141.76",Fri Dec 10 19:00:56 2021
"$4,215.68",Fri Dec 10 19:10:57 2021
"$4,206.78",Fri Dec 10 19:20:58 2021
"$4,201.24",Fri Dec 10 19:37:41 2021
"$4,209.52",Fri Dec 10 19:47:42 2021
"$4,186.81",Fri Dec 10 19:57:43 2021
"$4,179.81",Fri Dec 10 20:07:43 2021
"$4,184.80",Fri Dec 10 20:17:44 2021
"$4,068.75",Fri Dec 10 20:27:45 2021
"$4,053.95",Fri Dec 10 20:37:46 2021
"$4,043.44",Fri Dec 10 20:47:46 2021
"$3,971.18",Fri Dec 10 22:01:49 2021
"$4,003.75",Fri Dec 10 22:11:50 2021
"$3,989.69",Fri Dec 10 22:21:51 2021
"$3,988.78",Fri Dec 10 22:31:52 2021
"$3,970.73",Fri Dec 10 22:57:38 2021
"$3,947.87",Fri Dec 10 23:07:40 2021
"$3,939.71",Fri Dec 10 23:17:41 2021
"$3,946.32",Fri Dec 10 23:27:41 2021
"$3,970.50",Fri Dec 10 23:37:42 2021
"$3,982.83",Fri Dec 10 23:47:44 2021
"$4,036.74",Sat Dec 11 19:10:33 2021
"$4,034.29",Sat Dec 11 19:20:34 2021
"$4,009.82",Sat Dec 11 19:30:35 2021
"$4,011.84",Sat Dec 11 19:40:36 2021
"$4,010.21",Sat Dec 11 19:50:36 2021
"$4,024.55",Sat Dec 11 20:00:38 2021
"$4,020.96",Sat Dec 11 20:10:39 2021
"$4,020.93",Sat Dec 11 20:20:40 2021
"$4,036.17",Sat Dec 11 20:30:41 2021
"$4,040.21",Sat Dec 11 20:40:42 2021
"$4,030.66",Sat Dec 11 20:50:43 2021
"$4,043.90",Sat Dec 11 21:00:45 2021
"$4,047.65",Sat Dec 11 21:10:45 2021
"$4,046.07",Sat Dec 11 21:20:54 2021
"$4,040.84",Sat Dec 11 21:30:55 2021
"$4,058.27",Sat Dec 11 21:40:56 2021
"$4,071.20",Sat Dec 11 21:50:57 2021
"$4,082.62",Sat Dec 11 22:00:58 2021
"$4,083.17",Sat Dec 11 22:10:59 2021
"$4,087.76",Sat Dec 11 22:21:01 2021
"$4,079.32",Sat Dec 11 22:31:03 2021
"$4,073.91",Sat Dec 11 22:57:45 2021
"$4,056.68",Sun Dec 12 12:28:55 2021
"$4,056.18",Sun Dec 12 12:38:56 2021
"$4,047.53",Sun Dec 12 12:48:57 2021
"$4,055.68",Sun Dec 12 12:58:58 2021
"$4,061.10",Sun Dec 12 13:08:59 2021
"$4,060.99",Sun Dec 12 13:19:00 2021
"$4,055.25",Sun Dec 12 13:29:01 2021
"$4,057.30",Sun Dec 12 13:39:02 2021
"$4,055.23",Sun Dec 12 13:49:02 2021
"$4,051.92",Sun Dec 12 13:59:04 2021
"$4,034.33",Sun Dec 12 14:11:51 2021
"$4,006.99",Mon Dec 13 09:26:19 2021
"$4,003.79",Mon Dec 13 09:36:19 2021
"$4,000.18",Mon Dec 13 09:46:20 2021
"$4,015.74",Mon Dec 13 09:56:21 2021
"$4,016.69",Mon Dec 13 10:06:22 2021
"$4,016.67",Mon Dec 13 10:16:22 2021
"$4,018.84",Mon Dec 13 10:26:25 2021
"$4,024.50",Mon Dec 13 10:36:26 2021
"$4,018.53",Mon Dec 13 10:46:27 2021
"$4,016.51",Mon Dec 13 10:56:28 2021
"$3,998.16",Mon Dec 13 11:06:29 2021
"$4,006.63",Mon Dec 13 11:16:30 2021
"$4,041.33",Mon Dec 13 11:26:31 2021
"$4,039.09",Mon Dec 13 11:36:33 2021
"$4,029.56",Mon Dec 13 11:46:34 2021
"$4,028.59",Mon Dec 13 11:56:35 2021
"$3,993.40",Mon Dec 13 12:06:36 2021
"$4,006.88",Mon Dec 13 12:16:36 2021
"$3,993.86",Mon Dec 13 12:26:37 2021
"$3,997.04",Mon Dec 13 12:36:38 2021
"$3,989.34",Mon Dec 13 12:46:39 2021
"$4,004.70",Mon Dec 13 12:56:40 2021
"$4,004.31",Mon Dec 13 13:06:41 2021
"$3,997.27",Mon Dec 13 13:16:42 2021
"$3,984.26",Mon Dec 13 13:26:43 2021
"$3,992.83",Mon Dec 13 13:36:43 2021
"$4,007.74",Mon Dec 13 13:46:45 2021
"$4,015.41",Mon Dec 13 13:56:45 2021
"$4,008.39",Mon Dec 13 14:06:47 2021
"$4,024.37",Mon Dec 13 14:16:48 2021
"$4,027.86",Mon Dec 13 14:26:49 2021
"$4,024.31",Mon Dec 13 14:36:50 2021
"$4,007.59",Mon Dec 13 14:46:51 2021
"$3,999.46",Mon Dec 13 14:56:52 2021
"$4,002.74",Mon Dec 13 15:06:53 2021
"$3,993.76",Mon Dec 13 15:16:54 2021
"$4,001.36",Mon Dec 13 15:26:56 2021
"$4,001.93",Mon Dec 13 15:36:57 2021
"$4,001.76",Mon Dec 13 15:47:00 2021
"$3,988.48",Mon Dec 13 16:03:26 2021
"$3,992.53",Mon Dec 13 16:13:27 2021
"$4,007.26",Mon Dec 13 16:23:29 2021
"$3,998.63",Mon Dec 13 16:33:30 2021
"$4,008.05",Mon Dec 13 16:43:32 2021
"$4,010.89",Mon Dec 13 16:53:34 2021
"$4,011.38",Mon Dec 13 17:03:36 2021
"$4,014.20",Mon Dec 13 17:13:37 2021
"$4,009.25",Mon Dec 13 17:23:39 2021
"$4,014.18",Mon Dec 13 17:33:41 2021
"$4,018.09",Mon Dec 13 17:43:43 2021
"$4,018.93",Mon Dec 13 17:53:44 2021
"$4,010.05",Mon Dec 13 18:03:46 2021
"$4,001.07",Mon Dec 13 18:13:48 2021
"$3,993.83",Mon Dec 13 18:23:49 2021
"$3,994.03",Mon Dec 13 18:33:50 2021
"$3,999.97",Mon Dec 13 18:43:51 2021
"$3,985.68",Mon Dec 13 18:53:53 2021
"$3,993.44",Mon Dec 13 19:03:54 2021
"$3,976.38",Mon Dec 13 19:13:55 2021
"$3,975.27",Mon Dec 13 19:23:56 2021
"$3,986.01",Mon Dec 13 19:33:56 2021
"$3,928.81",Mon Dec 13 19:55:28 2021
"$3,921.24",Mon Dec 13 20:05:29 2021
"$3,912.72",Mon Dec 13 20:15:30 2021
"$3,924.36",Mon Dec 13 20:25:31 2021
"$3,921.97",Mon Dec 13 20:35:31 2021
"$3,915.51",Mon Dec 13 20:45:32 2021
"$3,870.87",Mon Dec 13 20:55:34 2021
"$3,852.05",Mon Dec 13 21:05:35 2021
"$3,797.18",Mon Dec 13 21:29:41 2021
"$3,815.32",Mon Dec 13 21:39:42 2021
"$3,816.02",Mon Dec 13 21:49:44 2021
"$3,775.90",Mon Dec 13 22:00:12 2021
"$3,810.97",Mon Dec 13 22:10:13 2021
"$3,810.29",Mon Dec 13 22:20:14 2021
"$3,798.98",Mon Dec 13 22:30:15 2021
"$3,782.05",Tue Dec 14 09:25:16 2021
"$3,790.05",Tue Dec 14 09:39:53 2021
"$3,788.35",Tue Dec 14 09:49:53 2021
"$3,786.30",Tue Dec 14 09:59:54 2021
"$3,791.96",Tue Dec 14 10:09:54 2021
"$3,782.32",Tue Dec 14 10:19:55 2021
"$3,772.15",Tue Dec 14 10:29:56 2021
"$3,781.16",Tue Dec 14 10:39:56 2021
"$3,763.85",Tue Dec 14 10:50:57 2021
"$3,766.89",Tue Dec 14 11:00:59 2021
"$3,785.79",Tue Dec 14 11:11:00 2021
"$3,774.70",Tue Dec 14 11:21:00 2021
"$3,747.55",Tue Dec 14 11:31:01 2021
"$3,745.27",Tue Dec 14 11:41:02 2021
"$3,732.62",Tue Dec 14 11:51:03 2021
"$3,715.00",Tue Dec 14 12:01:07 2021
"$3,715.83",Tue Dec 14 12:11:08 2021
"$3,706.63",Tue Dec 14 12:21:09 2021
"$3,731.95",Tue Dec 14 12:31:10 2021
"$3,748.83",Tue Dec 14 12:41:11 2021
"$3,731.58",Tue Dec 14 12:51:12 2021
"$3,743.64",Tue Dec 14 13:01:13 2021
"$3,761.83",Tue Dec 14 13:11:15 2021
"$3,771.97",Tue Dec 14 13:21:16 2021
"$3,785.10",Tue Dec 14 13:31:16 2021
"$3,794.30",Tue Dec 14 13:41:18 2021
"$3,807.62",Tue Dec 14 13:51:18 2021
"$3,803.79",Tue Dec 14 14:01:20 2021
"$3,802.49",Tue Dec 14 14:11:21 2021
"$3,823.55",Tue Dec 14 14:21:22 2021
"$3,817.90",Tue Dec 14 14:31:22 2021
"$3,812.13",Tue Dec 14 14:41:24 2021
"$3,804.83",Tue Dec 14 14:51:25 2021
"$3,810.70",Tue Dec 14 15:01:26 2021
"$3,803.93",Tue Dec 14 15:11:27 2021
"$3,782.77",Tue Dec 14 15:21:28 2021
"$3,776.65",Tue Dec 14 15:31:29 2021
"$3,785.67",Tue Dec 14 15:41:30 2021
"$3,789.61",Tue Dec 14 15:51:31 2021
"$3,784.79",Tue Dec 14 16:01:31 2021
"$3,809.75",Tue Dec 14 16:11:32 2021
"$3,800.76",Tue Dec 14 16:21:33 2021
"$3,812.71",Tue Dec 14 16:31:34 2021
"$3,808.97",Tue Dec 14 16:41:34 2021
"$3,808.99",Tue Dec 14 16:51:35 2021
"$3,811.71",Tue Dec 14 17:01:36 2021
"$3,804.16",Tue Dec 14 17:11:37 2021
"$3,809.48",Tue Dec 14 17:21:39 2021
"$3,842.19",Tue Dec 14 17:31:40 2021
"$3,858.57",Tue Dec 14 17:41:42 2021
"$3,854.02",Tue Dec 14 17:51:44 2021
"$3,853.33",Tue Dec 14 18:01:46 2021
"$3,835.45",Tue Dec 14 18:11:48 2021
"$3,836.81",Tue Dec 14 18:23:14 2021
"$3,823.12",Tue Dec 14 18:33:17 2021
"$3,835.37",Tue Dec 14 18:43:24 2021
"$3,832.06",Tue Dec 14 18:53:28 2021
"$3,816.03",Tue Dec 14 19:03:31 2021
"$3,785.88",Tue Dec 14 19:13:36 2021
"$3,783.70",Tue Dec 14 19:23:38 2021
"$3,798.25",Tue Dec 14 19:33:40 2021
"$3,792.31",Tue Dec 14 19:43:41 2021
"$3,783.63",Tue Dec 14 19:53:42 2021
"$3,777.66",Tue Dec 14 20:03:43 2021
"$3,788.70",Tue Dec 14 20:13:44 2021
"$3,805.90",Tue Dec 14 20:23:44 2021
"$3,814.30",Tue Dec 14 20:33:52 2021
"$3,824.79",Tue Dec 14 21:14:11 2021
"$3,791.39",Tue Dec 14 21:24:15 2021
"$3,786.04",Tue Dec 14 21:34:17 2021
"$3,803.30",Tue Dec 14 21:44:19 2021
"$3,847.79",Wed Dec 15 09:34:17 2021
"$3,832.40",Wed Dec 15 09:44:18 2021
"$3,846.25",Wed Dec 15 09:54:18 2021
"$3,872.26",Wed Dec 15 10:04:19 2021
"$3,855.73",Wed Dec 15 10:14:20 2021
"$3,858.74",Wed Dec 15 10:24:20 2021
"$3,861.81",Wed Dec 15 10:34:21 2021
"$3,855.98",Wed Dec 15 10:44:22 2021
"$3,962.45",Wed Dec 15 10:54:23 2021
"$3,729.55",Wed Dec 15 21:12:25 2021
"$3,721.10",Wed Dec 15 21:22:26 2021
